,snid,Redshift,SN_RA,SN_DEC,HOST_RA,HOST_DEC,U-R,dDLR,LOGMASS,LOGMASS_lowerr,LOGMASS_uppererr,Notes
0,2021aabw,0.032,82.409425,-23.9926389,82.4082109,-23.9940734,0.91356318404965,1.734427552431630,10.02,0.047,0.231,
1,2021aafz,0.066248,31.0776667,-44.7529778,31.0775342,-44.753206,1.52592,,9.826,0.124,0.15,
2,2021aaga,0.04,84.953725,-40.9772083,84.9422621,-40.9789195,1.53255684288753,,9.426,0.081,0.169,
3,2021aatq,0.06,114.1306625,-1.5881806,114.12794300000000,-1.5883500000000000,1.3440087062155600,2.1186261729691000,10.443,0.166,0.237,
4,2021aazj,0.062,74.1835958,-16.6487833,74.1850441833,-16.6490429296,1.18245812447543,1.5980525984083800,10.677,0.026,0.383,
5,2021abds,0.07,356.7795,-15.5336944,356.77856630000000,-15.5334717,0.958017056806184,12.933313530565600,8.451,0.243,0.32,
6,2021abiu,0.054,119.1854292,-2.9945333,119.1839837,-2.9937679,1.7838882636493000,0.9092553622207900,11.395,0.35,0.092,
7,2021abko,0.015908,30.5301625,23.5501722,30.530403900000000,23.5498653,1.2567163981612,0.21082529515266900,10.14,0.106,0.405,
8,2021abmp,0.022287,11.1765208,-38.1838472,11.1746615,-38.182806,0.948438,,9.216,0.089,0.073,
9,2021aceo,0.048,136.3544458,-7.8145278,136.3566435,-7.814396300000000,0.785996018238322,1.7087807231561500,9.797,0.047,0.09,
10,2021aclv,0.018279,14.4807125,-5.1317389,14.480671300000000,-5.130248,0.898570135104862,0.33322413539979000,10.565,0.19,0.235,
11,2021acnt,0.008,145.4285,-28.2024889,145.4296679,-28.1913434,1.7838882636493000,1.9900679075217200,9.816,0.371,0.114,
12,2021acnx,0.029,70.57395,6.8758417,70.573541025,6.877355093055560,0.8816844203268350,,9.271,0.14,0.157,
13,2021acxb,0.0641,49.9027958,-27.4940333,49.90494750000000,-27.4965438,0.940432846995975,2.4748899521153200,10.992,0.107,0.252,
14,2021adlt,0.021,69.7994958,6.3734389,69.79854140000000,6.3725593,0.7120690336284240,0.9376978948161530,9.807,0.098,0.13,
15,2021adlz,0.029,157.5367,12.0613944,157.53682303625000,12.060967169722200,0.9160534623972300,,7.515,0.391,0.213,
16,2021adoz,0.056,125.4689042,8.0814861,125.46968440000000,8.083000500000000,-0.5181997264763400,37.20132514652720,9.042,0.197,0.222,
17,2021adug,0.0735,13.5491042,-14.9698444,13.551082000000000,-14.9695628,0.615483263127672,4.450245405487560,9.947,0.073,0.132,
18,2021aeca,0.052,124.6304333,-14.7222833,124.63005400000000,-14.721604,0.904448281664258,0.6681012430957580,10.587,0.087,0.273,
19,2021aefx,0.00473963,64.9721667,-54.9479444,65.00164170000000,-54.93794390000000,0.67934,,10.411,0.027,0.018,
20,2021aexy,0.039,48.9743625,-23.0448222,48.97706965208330,-23.043557211944400,0.0781112252833082,3.643790237647700,8.616,0.169,0.154,
21,2021afeb,0.0553,15.068499,-15.2983343,15.066281,-15.2995766,1.0113102332282200,1.1018197384799600,11.352,0.197,0.111,
22,2021afue,0.04223,154.4560625,-7.4067611,154.45423080000000,-7.4062431,0.93779753518136,1.0830222544074000,10.836,0.171,0.142,
23,2021agbv,0.052,29.167725,-14.130075,29.1682596,-14.1300215,-0.0116418983522237,0.8242082337435090,9.324,0.329,0.272,
24,2021agjd,0.044,11.8689958,14.7528639,11.868843700000000,14.7504868,0.4049681229935660,,9.307,0.313,0.265,
25,2021aglf,0.048,22.5680375,20.6004056,22.5680144,20.5999283,1.0113102332282200,0.2025369465300660,10.847,0.249,0.264,
26,2021ckc,0.053072,178.6487242,25.3834417,178.64948600000000,25.382189,0.898570135104862,1.7964581210481400,10.206,0.218,0.297,
27,2021clw,0.023686,87.83308,-50.5825389,87.83254350000000,-50.5828623,1.0472903352156200,,10.503,0.045,0.293,
28,2021cyn,0.06,123.4545647,-12.1159861,123.45354780000000,-12.116353500000000,0.4393281906256730,4.8272338164133100,10.387,0.06,0.144,
29,2021dch,0.020165,196.3490056,29.509636,196.3483896,29.5103387,1.54197579295197,1.2973590705025400,9.569,0.255,0.244,
30,2021dcu,0.041798,242.0259532,25.48373103,242.02722500000000,25.485416,1.3558724909020900,1.2296883731052100,11.029,0.22,0.215,
31,2021ddh,0.036,129.8713198,-1.408058568,129.8714501,-1.4091385000000000,0.904448281664258,1.2314729710936600,9.813,0.138,0.341,
32,2021dep,0.036805,211.0527318,27.62614525,211.05306150000000,27.6265434,0.97415701365793,0.4375610647057510,10.404,0.249,0.157,
33,2021dha,0.080206,172.9102667,14.0762639,172.90766500000000,14.077345,0.958017056806184,2.1568022212769100,10.701,0.128,0.382,
34,2021dlb,0.033416,223.2790397,3.537317514,223.28035200000000,3.538163,1.37908459074544,1.5660091298555200,10.265,0.212,0.327,
35,2021dnl,0.0556,221.762429,0.475708,221.76678500000000,0.4790232,0.790862153317704,3.2768759538272200,10.689,0.174,0.278,
36,2021dov,0.012797,134.0779465,-0.4421419762,134.0780316,-0.44149530000000000,1.25669421577408,0.6696264228464810,9.615,0.169,0.262,
37,2021drc,0.040571,171.9545038,21.38672869,171.95476730000000,21.3861101,1.72470536739658,0.3385878247892320,11.02,0.373,0.116,
38,2021fna,0.079,154.0947855,-23.1994468,154.0954468,-23.199840000000000,1.20006625576953,0.8195995624516310,10.533,0.118,0.323,
39,2021fof,0.04,212.0533103,-8.832710317,212.05130830000000,-8.831627900000000,0.7773449779297440,,8.488,0.079,0.049,
40,2021foh,0.022,200.1703818,-17.10931636,200.16903320000000,-17.1062535,1.06232334554987,2.689212502231350,9.336,0.038,0.067,
41,2021fqb,0.035,227.774625,5.107269,227.77736740000000,5.1093213000000000,1.08436919527335,1.919335420991360,10.174,0.222,0.184,
42,2021fxy,0.0094,198.2565721,-19.51251762,198.25435920000000,-19.5181965,1.18245812447543,1.4594741497166100,10.839,0.024,0.357,
43,2021gez,0.03206,245.5417896,21.22222736,245.53849800000000,21.219334,0.640264290480033,1.5194490347787400,9.863,0.157,0.303,
44,2021ghc,0.046217,149.1374525,0.752317185,149.13982820000000,0.7508584,0.4930794375899130,,9.526,0.362,0.179,
45,2021gkb,0.06939,164.4807248,-13.7907718,164.480958,-13.790905800000000,1.0311847427757200,0.13860834164118900,11.12,0.124,0.26,
46,2021gmk,0.041715,91.86167429,-45.004135,91.86247180000000,-45.0030851,1.36604,,10.557,0.101,0.311,
47,2021gqc,0.047,226.949792,-10.247161,226.9498194,-10.2471538,1.15959625444027,0.1401679881632580,9.865,0.13,0.409,
48,2021gwa,0.07036,235.6545,6.854539,235.65617610000000,6.8568181,1.6113226443098700,1.8630375318713400,10.807,0.39,0.153,
49,2021gwn,0.048,161.79996,-29.38623,161.80046820000000,-29.3863354,1.435158942762190,2.3435089240088300,10.685,0.131,0.303,
50,2021hem,0.035,245.3167114,14.5526557,,,,,,,,
51,2021hfq,0.08,119.47875,-67.731431,119.47723530000000,-67.7305349,,,,,,N/A
52,2021hiz,0.003319,186.4236464,7.228405121,186.42734,7.2166544,0.773090157856927,1.1315220296281000,9.172,0.111,0.197,
53,2021hjb,0.06651,133.9395421,16.9246338,133.9395248,16.9246522,1.51201445968358,0.1566584279465060,10.536,0.283,0.26,
54,2021hjc,0.05369,141.3886776,-24.7649249,141.3884149,-24.7645958,1.01582229686392,0.48390048939414000,10.604,0.118,0.266,
55,2021hji,0.057,252.171356,21.99722575,252.17102320000000,21.9974455,0.518442614988231,0.6096020158005670,9.401,0.348,0.255,
56,2021hup,0.049,178.5248434,-6.6015876,178.52481820000000,-6.6017725,0.8178256556950030,42.02753043660650,9.661,0.123,0.155,
57,2021hvo,0.051,200.7138947,-40.77670824,200.71191940000000,-40.776458,,,,,,N/A
58,2021hwk,0.041,214.7613339,-7.3905934,214.76172710000000,-7.3896474,0.68884259108026,0.8330051396631430,9.684,0.086,0.086,
59,2021ibo,0.058,136.1089968,8.012786188,136.10838715750000,8.014285661111110,,,,,,N/A
60,2021ify,0.056,261.7237293,13.17884771,261.7235265875,13.178840751666700,0.754874484301709,4.699751600432630,9.699,0.147,0.34,
61,2021igt,0.075382,191.2505377,21.14171747,191.24999920000000,21.1421456,0.790862153317704,1.9969695363158100,9.998,0.199,0.207,
62,2021ihz,0.06976,228.3638399,25.20666325,228.36610280000000,25.207049900000000,1.1270276664319600,0.8791377352455350,11.253,0.271,0.168,
63,2021ill,0.056,139.938917,-30.877989,139.9391626,-30.8781295,0.808937304523738,0.19110310363062300,9.96,0.115,0.06,
64,2021inj,0.041,241.4124943,3.071941517,241.41176950000000,3.0727062000000000,1.08436919527335,0.46923323612380000,10.94,0.222,0.268,
65,2021iov,0.053944,141.6618652,-7.087174,141.66045960000000,-7.0874435,0.703912042339724,1.140186501331260,10.175,0.082,0.141,
66,2021ipb,0.036912,240.8874486,14.55224117,,,,,,,,
67,2021ipf,0.055735,174.460788,-7.228356,174.4611249,-7.227638,1.47158517317513,0.30604824963899100,11.1,0.269,0.133,
68,2021iuk,0.08,186.4935911,6.740841507,,,,,,,,
69,2021jad,0.0055,83.342405,-21.95181813,83.3402407,-21.9455406,0.948437683487128,1.5641593444168000,10.383,0.116,0.268,
70,2021jap,0.03,163.7665753,-8.7458692,163.76943420000000,-8.747737000000000,0.308460472812172,2.095954109897200,9.113,0.103,0.118,
71,2021jkd,0.077,232.5318687,-0.565278137,232.53134920000000,-0.5665142000000000,1.26148121318835,1.9742339281055700,10.468,0.084,0.434,
72,2021juw,0.039,296.771708,-20.2032,296.77195,-20.2055755,0.958428424919731,1.3245062431418200,11.073,0.141,0.242,
73,2021jvs,0.021,224.4366965,6.6243519,224.43700020000000,6.626900900000000,1.20868661718225,0.7444726706315070,10.778,0.276,0.235,
74,2021jwl,0.038,233.8927522,5.392282441,233.89348060000000,5.3930778,0.664848278343797,0.6349384830124650,9.884,0.224,0.153,
75,2021jys,0.036,135.3058235,10.43738805,135.3064889,10.437073700000000,1.19549000351759,1.3126315330289800,9.292,0.162,0.24,
76,2021jze,0.0471,154.972375,-3.7354,154.97040670000000,-3.7349632,0.8296892396778330,0.5593772861090560,10.946,0.091,0.268,
77,2021kbj,0.13,238.5924249,24.4904165,238.5924546,24.489839800000000,0.465934009483121,1.163126548965930,10.189,0.195,0.308,
78,2021khn,0.072,195.7992455,-6.663225455,195.8002216,-6.6652629,1.06232334554987,1.9721826874152000,9.876,0.031,0.047,
79,2021kly,0.04423,126.2581417,13.5348083,126.25556250000000,13.5371176,0.734328655100498,1.7715287088723500,10.591,0.157,0.194,
80,2021knh,0.03,137.5359706,-27.62405638,137.5358515008330,-27.624246321111100,0.1322203002294630,1.032838765562860,8.7,0.151,0.146,
81,2021kom,0.04505,156.2094917,3.562125,156.21074300000000,3.562484,1.0489330273518100,0.5117979137422720,9.984,0.276,0.094,
82,2021koq,0.020538,274.0042325,6.7517646,274.0111199000000,6.7468078,1.68060551892815,2.3323347544203300,10.862,0.264,0.097,
83,2021kpu,0.069,231.09059,22.42031,,,,,,,,
84,2021kre,0.07692,206.2201375,-7.1171167,206.21784460000000,-7.118339800000000,1.7057828944754300,2.33077201317897,11.088,0.327,0.081,
85,2021kut,0.031362001,157.8740542,6.2426417,157.87343,6.2437275,0.932619939776174,1.2589014338700700,9.652,0.135,0.17,
86,2021kxf,0.078971,204.4481125,1.3292694,204.44897810000000,1.3296735,0.615483263127672,1.2529916918576400,9.942,0.249,0.206,
87,2021lat,0.033898,220.224125,24.9716583,220.22224450000000,24.970669900000000,0.712069033628424,2.5899082815067600,9.474,0.212,0.123,
88,2021law,0.057679,141.0346583,3.9352694,141.03580380000000,3.9347885000000000,0.940432846995975,0.6060773210060860,10.686,0.16,0.382,
89,2021lnf,0.038934,144.5076958,-16.8587639,144.50743170000000,-16.8591772,1.06046928847397,0.9500901202582530,10.254,0.044,0.356,
90,2021log,0.14,229.8669292,13.8495111,229.86691690000000,13.849476300000000,1.5746319569092000,13.174741981826200,10.914,0.355,0.196,
91,2021low,0.021958,176.1927667,20.1262,176.19601420000000,20.1250458,1.12702766643196,1.3616826250874300,10.754,0.264,0.22,
92,2021lxb,0.0259,195.4943601,28.00854142,195.4899888,28.0058571,1.254451198228280,2.0684412705580800,10.951,0.244,0.24,
93,2021ymn,0.051,77.7731125,-17.9236833,77.77625140000000,-17.9244165,0.571061733057178,2.1771206978281300,10.414,0.045,0.188,
94,2021ypa,0.03438,68.9090708,-13.2230667,68.90918140000000,-13.22314,0.754874484301709,0.07813885313315080,10.048,0.121,0.218,
95,2021yrz,0.068,338.9579292,20.0756167,338.95746520000000,20.075759,0.04451901354156,1.3167669028914000,9.122,0.452,0.255,
96,2021yuj,0.047563,298.3817875,-22.7994944,298.3833577,-22.8035675,0.602099366159251,2.0027775907460700,10.598,0.069,0.172,
97,2021ywa,0.06744,57.8525375,-17.3287417,57.851361,-17.328902,1.1132927685582200,0.8885748394773320,10.953,0.142,0.266,
98,2021yzz,0.0533,331.1591875,-20.2386222,331.15828570000000,-20.2384311,0.977316627561862,1.3416949315222800,10.588,0.103,0.314,
99,2021zax,0.04,334.2772083,13.3664361,334.2792847,13.3647039,1.5811292463947100,8.386053526095710,11.233,0.268,0.194,
100,2021zdx,0.0715,46.7690667,-15.4262806,46.768934000000000,-15.424686,1.0311847427757200,7.682900756004580,10.366,0.172,0.285,
101,2021zfr,0.032,45.131475,-14.9557111,45.133547800000000,-14.954175,1.06232334554987,2.0818486593032800,9.045,0.172,0.243,
102,2021zfs,0.019623,323.1242917,5.3463,323.1243699,5.346249000000000,1.43515894276219,0.11755988750119400,9.587,0.18,0.319,
103,2021zgf,0.055284,26.3468792,-42.7002806,26.346724600000000,-42.7004536,1.31016,,10.125,0.08,0.254,
104,2021zqo,0.067,44.775275,-18.671425,44.7752249,-18.6712913,1.3094769274844,0.2756695669162330,10.574,0.084,0.086,
105,2022aajn,0.043,107.0648292,21.0726194,107.06299740000000,21.0728616,0.852713432641934,1.877822190884150,9.332,0.058,0.041,
106,2022abdh,0.019937,129.7835208,-8.8632389,129.7824849,-8.862067400000000,1.52592234573406,0.70395427871735,10.327,0.124,0.182,
107,2022abgg,0.069514,35.7537083,-9.1969694,35.754105194583300,-9.197186616944440,0.9818101103579840,,8.225,0.501,0.233,
108,2022abic,0.014593,44.7886958,-4.4711778,44.7939967,-4.4722382000000000,1.01131023322822,1.863846318686750,10.37,0.222,0.13,
109,2022abid,0.01478,31.8312208,-25.4406583,31.833700600000000,-25.4419465,0.9845446982162540,0.7043810795009970,10.263,0.053,0.344,
110,2022acwj,0.016,138.6014208,-33.3374444,138.59699380000000,-33.3369632,,,,,,N/A
111,2022acyi,0.05109,18.8083708,6.8214611,18.808197000000000,6.8212191000000000,0.664848278343797,0.3443413472738480,10.164,0.127,0.263,
112,2022adbx,0.014571,170.64,20.6999806,170.64738700000000,20.7041,1.33414464346787,1.7732351878022800,10.468,0.122,0.386,
113,2022adpu,0.015461,174.1995125,-8.5879083,174.203251,-8.5864581,0.864058439606765,1.0171129002594800,10.517,0.147,0.229,
114,2022aduk,0.038,159.693925,-17.5618944,159.69371260000000,-17.562070900000000,0.6793397936854720,,8.224,0.182,0.07,
115,2022aebw,0.04,129.6946125,5.2798278,129.6944772933330,5.279644585833330,0.2569552086971070,,8.543,0.441,0.423,
116,2022aeed,0.072,61.8915667,-31.4719333,61.89196210000000,-31.4719104,1.25672,,10.746,0.058,0.338,
117,2022aefd,0.045375,124.2349167,-7.2568417,124.23488630000000,-7.2575706,1.1595962544402700,2.986687051993190,10.649,0.13,0.409,
118,2022hqs,0.026,165.4670625,-12.4880444,165.4624972,-12.485764400000000,1.12185735373258,2.6916694161515600,10.501,0.078,0.409,
119,2022hrs,0.0047,190.8930625,11.5766306,190.88470833333300,11.582777777777800,0.7730901578569270,,9.906,0.072,0.093,
120,2022huw,0.044607,149.1949458,11.90865,149.19807700000000,11.905967,0.404968122993566,2.0424196293656600,9.974,0.099,0.245,
121,2022iem,0.062591,262.7129792,5.866225,262.714884,5.866401,1.884464844058,3.56498584057405,10.964,0.351,0.022,
122,2022itd,0.06,273.9674167,12.0377472,273.9667496,12.0379436,1.7244819790349500,0.8884934681099890,10.682,0.398,0.124,
123,2022jmr,0.04,315.0588917,-24.1144667,315.0591277,-24.1125738,0.893611827983634,2.332319340713710,9.713,0.131,0.07,
124,2022jnr,0.035,225.664475,17.2398,,,,,,,,
125,2022jut,0.034129,241.4584542,17.4798278,241.45843950000000,17.4797151,0.936340992007899,0.09646906954919720,10.142,0.202,0.329,
126,2022jzb,0.045291,184.09655,-18.5541972,184.0997559,-18.5595503,1.5669337868828700,2.2384164488140400,11.36,0.334,0.127,
127,2022kck,0.046999,188.2814292,-14.490175,188.2823196,-14.490030300000000,0.664848278343797,1.2532894270730000,9.99,0.098,0.104,
128,2022kft,0.046,174.369025,-10.8982722,174.3685811,-10.897865100000000,1.5347944770373200,8.107667327188670,9.697,0.144,0.191,
129,2022kjl,0.031465,210.5093708,-16.540525,210.50824640000000,-16.5406805,1.24838282402254,0.6548378915619140,10.7,0.162,0.114,
130,2022kkg,0.04144,305.8165625,20.2161,305.8187475,20.217066500000000,0.981810110357984,1.406697951637020,10.793,0.108,0.195,
131,2022lax,0.058,216.2111917,-8.7529444,216.21155490000000,-8.7527499,0.829689239677833,0.7284771751668180,10.07,0.092,0.289,
132,2022mhe,0.02874,352.0268208,8.7624667,352.0247090000000,8.768535700000000,0.977316627561862,3.3242087671919100,10.898,0.147,0.385,
133,2022mvb,0.02958,240.5391042,-6.4345278,240.53870580000000,-6.4343197000000000,1.56460143670175,0.6604674645714260,10.218,0.265,0.121,
134,2022myp,0.02633,205.4382875,-25.7934472,205.44217760000000,-25.7945402,0.9044482816642580,1.9080122342812300,10.556,0.086,0.336,
135,2022nag,0.020954,271.2527167,9.4799583,271.25265220000000,9.4809981,1.200066255769530,0.3354267048570420,10.469,0.111,0.347,
136,2022nbm,0.057912,335.1092333,5.9918028,335.1090275000000,5.9917818,1.25185953611523,0.5311948515295180,10.246,0.148,0.395,
137,2022nim,0.042,299.111275,-16.3695694,299.1091613,-16.3708013,0.9377975351813600,,10.07,0.085,0.079,
138,2022nrk,0.039681,346.9560208,8.4905861,346.95525070000000,8.4879027,1.2567163981612,1.2875083068676800,10.782,0.108,0.4,
139,2022pdq,0.034304,355.4707583,-8.6464194,355.4692621,-8.6481728,1.23975303510655,0.8546380724486290,11.022,0.181,0.306,
140,2022ppj,0.036827,12.3490167,19.9964806,12.348804,19.994231900000000,1.28457586060942,1.8966435098132600,10.33,0.162,0.378,
141,2022qbp,0.05,305.6199625,-14.7090861,,,,,,,,
142,2022qke,0.074606,16.3515,-2.3125194,16.351251900000000,-2.3122698000000000,0.977317,,10.584,0.1,0.211,
143,2022qku,0.025,321.7322958,-7.0169472,321.74104430000000,-7.021561,1.16789926505538,3.2272894035060200,10.652,0.26,0.08,
144,2022qoa,0.061019,334.3922958,-3.5554333,334.38958000000000,-3.5545811000000000,1.13227616249151,1.937533529422640,11.11,0.079,0.461,
145,2022qpp,0.013,291.9650125,-35.0448028,291.963265,-35.0484703,,,,,,N/A
146,2022qsn,0.064,40.74935,-19.1946028,40.74917010000000,-19.194611300000000,0.679339793685472,0.5024196497209930,11.207,0.059,0.02,
147,2022qwx,0.024,30.5333958,-20.4061,30.532845162500000,-20.40841419583330,0.731379031879541,0.8812307580784510,9.153,0.017,0.036,
148,2022rfn,0.029,287.8707458,-17.1854306,287.8710431,-17.1884333,1.0623233455498700,,9.399,0.039,0.086,
149,2022rky,0.029774,318.6212375,-9.0476167,318.6206494,-9.048779100000000,1.19121048986293,1.5089237411126800,9.957,0.103,0.282,
150,2022rld,0.089,351.5032542,-9.0853083,351.5033473,-9.0850816,1.52199150340664,0.8626180507172670,10.002,0.192,0.322,
151,2022rnt,0.015,284.1468542,-64.9287444,284.1341376,-64.9288341,,,,,,N/A
152,2022rnu,0.063,25.1810333,-14.4787778,25.179061617083300,-14.480666981944400,0.1322203002294630,5.398877975457620,9.28,0.154,0.123,
153,2022rso,0.050768,351.89935,16.6551333,351.89959260000000,16.6543782,1.20868661718225,0.6950761299551980,10.892,0.28,0.212,
154,2022ssj,0.076,4.8940333,-17.5794806,4.8945163000000000,-17.5794668,0.374507650620558,0.8234183745553760,9.359,0.204,0.079,
155,2022ssk,0.028678,37.3689625,-5.8483694,37.3689937,-5.848505000000000,0.754874484301709,0.05625791163947370,9.96,0.204,0.176,
156,2022suc,0.08,345.7821458,23.6463778,345.7814739933330,23.647113861666700,0.817825655695003,2.5766596156769800,9.04,0.513,0.318,
157,2022sum,0.046,269.7421833,11.0085167,269.7421151,11.0085767,1.670599842137050,,9.71,0.331,0.177,
158,2022szg,0.06,33.0432292,-6.2108639,33.0427174,-6.2100954,1.1921096217366900,6.011932344723390,9.082,0.167,0.397,
159,2022taw,0.07,75.2944208,-10.5963167,75.29172350000000,-10.5948463,0.797197075858009,3.3342648852508800,10.237,0.123,0.166,
160,2022trz,0.0387,94.4984458,-74.2083194,94.49358330000000,-74.2114959,,,,,,N/A
161,2022tvz,0.0233,298.7568833,-21.0992222,298.7539045,-21.0979966,1.1824581244754300,1.489321177622640,10.15,0.024,0.413,
162,2022vpn,0.063,335.5930792,25.839925,335.59266856583300,25.839230310000000,-0.0315204971181515,0.7240191894587110,10.969,0.114,0.392,
163,2022vrj,0.04,23.2446875,18.0761056,23.2441081,18.0759529,1.09689522673199,1.696173276661140,9.904,0.174,0.363,
164,2022wcm,0.042,357.8868125,8.738,357.8868103,8.7379334,0.640264290480033,0.029003907421849100,10.742,0.132,0.297,
165,2022wcy,0.067,34.155175,10.2525222,34.15530191625000,10.253091140555600,0.5605616173846360,,9.039,0.35,0.185,
166,2022whp,0.054,100.0106667,-22.2957056,100.01564840000000,-22.298326000000000,0.827317647728421,2.8232887087135600,10.754,0.145,0.161,
167,2022wpy,0.0152,71.6167375,-4.7898833,71.62472230000000,-4.7888368000000000,1.01131023322822,2.3882345057761000,10.546,0.178,0.066,
168,2022wsu,0.027,34.04855,17.9709556,34.048232400000000,17.9713063,0.68884259108026,0.332398385468701,10.574,0.132,0.254,
169,2022wwt,0.0198,267.1178375,-60.5748028,267.1188711,-60.5748911,,,,,,N/A
170,2022wxo,0.05,29.073625,-7.6994722,29.073612900000000,-7.6990093,1.22983719902818,0.9791202645419260,10.423,0.185,0.358,
171,2022xhd,0.043,54.8841625,-17.6643861,54.88425720000000,-17.664618900000000,0.932619939776174,0.1847079777438430,10.165,0.11,0.093,
172,2022xix,0.024,63.7809792,-0.9332611,63.781347200000000,-0.9322501,0.543053260054847,0.7528434215162270,9.913,0.125,0.31,
173,2022xoz,0.038,42.6067542,5.7937778,42.6065622,5.7935781000000000,1.65467638141264,0.5329716932550520,10.228,0.409,0.128,
174,2022xxz,0.06,335.1664083,-16.1794889,335.1656789129170,-16.17981780277780,0.0233053707620456,,8.187,0.495,0.375,
175,2022yjy,0.055,115.4202625,8.9985639,115.42063770000000,8.9988587,1.36604329197144,0.7174812100794480,10.023,0.124,0.28,
176,2022yrt,0.05,132.1189458,1.3973111,132.1177892,1.397225,1.32196633343005,1.1344810906480100,10.988,0.302,0.212,
177,2022yvv,0.022173,40.4292375,-22.8142583,40.427128000000000,-22.8134254,0.640264290480033,2.0644084550252000,9.579,0.07,0.045,
178,2022ywf,0.006912,20.5508167,0.9565778,20.5375469,0.9456601,-0.50876,,11.382,0.0,0.017,
179,2022yxp,0.027936,74.0234333,1.8185833,74.02385810000000,1.8202567,1.08436919527335,1.5177350670901600,10.241,0.164,0.212,
180,2023aaaa,0.078522,150.6523516,10.8640374,150.6527983,10.8657183,1.4171080244793600,1.3681090442917800,10.752,0.329,0.215,
181,2023aait,0.048,147.3537125,-13.9547472,147.35489100000000,-13.954588,0.256955208697107,1.4502817805459200,9.553,0.041,0.108,
182,2023aajf,0.042749,65.6730458,-51.4875778,65.67609010000000,-51.4857364,1.45154,,11.169,0.109,0.302,
183,2023aald,0.076,122.7385417,14.2426222,,,,,,,,
184,2023abjs,0.06367,54.716225,-34.3632833,54.716769300000000,-34.3629999,0.881778,,9.742,0.012,0.041,
185,2023acgf,0.012962,56.5946524,-3.9655444,56.61345120000000,-3.968821,1.1916595456481100,,11.105,0.157,0.307,
186,2023aez,0.04,220.066872,10.3975848,220.0671503445830,10.397500623888900,1.0623233455498700,,7.841,0.143,0.293,
187,2023alf,0.037271,207.4633167,-13.2039389,207.46318900000000,-13.204051,0.7343286551004980,1.838350052838620,9.753,0.086,0.051,
188,2023aoz,0.059644,121.1936292,12.3934,121.19287530000000,12.394015400000000,1.12243865694788,0.834926652348594,9.906,0.132,0.231,
189,2023azu,0.0155,111.6410833,-84.5203028,111.57956580000000,-84.5196471,,,,,,N/A
190,2023bee,0.006698,134.0484458,-3.3255556,134.03362010000000,-3.3601299,1.0623233455498700,,10.119,0.083,0.361,
191,2023bhb,0.028135,183.6809167,19.1680972,183.67770000000000,19.166024,0.184717470823756,,8.592,0.365,0.224,
192,2023boc,0.016905,116.7346958,7.2987722,116.7330576,7.2962909,1.0489330273518100,0.817637189508157,10.342,0.247,0.161,
193,2023bpg,0.014023,193.270325,-15.3420778,193.27039000000000,-15.342260000000000,1.54437741121214,0.08469977524666940,9.165,0.157,0.177,
194,2023bsa,0.064,164.9243083,9.528975,164.92522500000000,9.526688,0.734328655100498,2.1397604871247,10.615,0.162,0.33,
195,2023bvw,0.047778,122.6832458,11.2876917,122.68311380000000,11.2876597,0.977316627561862,0.35344272397953800,9.831,0.133,0.196,
196,2023clz,0.057176,155.0690833,-6.9030861,155.0669275,-6.903879000000000,1.07555892677547,1.8913157935118700,10.716,0.082,0.359,
197,2023cog,0.0475,191.0024792,-1.6367889,191.00246320000000,-1.6368492,1.39213421398865,0.02528635492926820,10.334,0.163,0.377,
198,2023col,0.047959,172.7436125,-1.1483667,172.741312,-1.147589,1.16789926505538,2.5957260265865100,10.635,0.286,0.192,
199,2023com,0.032905,142.1235917,7.5702889,142.12253240000000,7.571119600000000,0.543053260054847,0.9039706279314260,9.643,0.303,0.131,
200,2023cqz,0.023343,172.5542417,24.1698111,172.55362840000000,24.169664100000000,1.51358070681846,0.2878535872477980,10.577,0.168,0.344,
201,2023ctf,0.040758,65.4350583,-38.7233278,65.43677280000000,-38.7231498,0.771611,,9.392,0.061,0.025,
202,2023cul,0.039482,88.4488667,-34.5978167,88.44535010000000,-34.597802300000000,1.40697,,9.685,0.066,0.031,
203,2023cum,0.03976,103.1092167,-50.7210611,103.10971220000000,-50.7213952,,,,,,N/A
204,2023cun,0.04647,116.8775,22.6078417,116.87660980000000,22.6087406,0.8640584396067650,1.04687082440499,9.838,0.234,0.152,
205,2023cvn,0.027275,79.1527583,6.4426611,79.15562360000000,6.4408896,1.1581875139162700,1.0965022786251400,10.999,0.118,0.301,
206,2023cyx,0.033151,206.2754792,3.8036972,206.2746043,3.8043183,1.25669421577408,1.3431703019266000,9.827,0.172,0.265,
207,2023day,0.035568,213.4026583,-5.7303972,213.4037889,-5.7311668000000000,1.29547299301152,0.45847771353115100,10.168,0.059,0.33,
208,2023dof,0.017009,82.5604792,-8.764225,82.56033110000000,-8.7635566,0.91605346239723,0.2510836528503840,9.63,0.066,0.022,
209,2023dtz,0.020404,190.3537417,13.7310306,190.3559713,13.7294995,0.864058439606765,0.7184509967828650,10.209,0.168,0.214,
210,2023dut,0.054478,144.6468417,-8.8025222,144.64495,-8.79964,0.97415701365793,2.1016787671995900,10.868,0.199,0.139,
211,2023dva,0.050708,173.3706125,10.9032139,,,,,,,,N/A
212,2023dwc,0.050298,203.7176167,-36.5237889,203.71418630000000,-36.5212021,,,,,,N/A
213,2023dxj,0.04555,145.9817792,-2.6106111,145.98395510000000,-2.609146,1.27750095856808,2.8154215651065000,10.461,0.212,0.301,
214,2023dxk,0.061394,221.3216625,9.0791139,221.32138620000000,9.0789495,0.754874484301709,0.10157601480682800,10.334,0.171,0.2,
215,2023dyl,0.044167,150.7444125,2.3434111,150.74607900000000,2.343043,1.35587249090209,0.6537116066039190,10.874,0.315,0.119,
216,2023E,0.02402,18.9823167,-50.1874722,18.980267000000000,-50.1893678,1.22055,,10.582,0.03,0.348,
217,2023ehl,0.016,306.2945,5.2567806,306.3000446,5.2631122,0.859795434109159,2.401038290483190,10.017,0.102,0.12,
218,2023env,0.05,286.5606583,-25.0827972,286.56083333333300,-25.083333333333300,0.6793397936854720,,9.01,0.212,0.149,
219,2023eob,0.022456,232.9718,-31.1700528,232.97269240000000,-31.1712737,,,,,,Only g r i
220,2023fnj,0.020384,177.6337417,6.5657861,177.6360025,6.567579300000000,0.881684420326835,0.86345016380404,10.644,0.159,0.175,
221,2023fpa,0.025905,87.7084458,-33.0937778,87.70870652208330,-33.09176336805560,1.0755589267754700,,8.674,0.054,0.139,
222,2023gfs,0.047029,194.5951417,-12.5798028,194.59407110000000,-12.576930300000000,1.52592234573406,2.744864106542640,10.31,0.124,0.275,
223,2023gft,0.0098,321.5055042,-3.7982361,321.49988,-3.8089400000000000,0.640264290480033,2.716558127419620,9.043,0.309,0.111,
224,2023ggw,0.03698,225.72665,17.1467417,225.72762410000000,17.1464338,1.29547299301152,0.7349789641860410,10.276,0.109,0.429,
225,2023goe,0.03551,237.8879667,13.3235917,237.88785380000000,13.3235022,1.52398748435691,0.3196864368989950,9.863,0.318,0.191,
226,2023gqi,0.035631,322.4169,-21.1921278,322.40591200000000,-21.1956672,1.31997891428051,3.3677212822593200,11.356,0.106,0.333,
227,2023hka,0.021538,212.7431,-27.061675,212.74289950000000,-27.0651059,1.23650220828945,2.4429664974193800,10.027,0.069,0.376,
228,2023hnl,0.0176,325.546725,-34.1630389,325.55053260000000,-34.1624353,,,,,,N/A
229,2023hro,0.027309,190.9443167,-20.1582417,190.94619220000000,-20.1556346,0.881684420326835,2.3981052288119000,10.249,0.204,0.145,
230,2023hsw,0.040894,167.0831708,10.0430611,167.08171870000000,10.0398617,0.6888425910802600,1.955400196042770,10.529,0.157,0.218,
231,2023hsy,0.03773,167.4427458,11.1925556,167.44443000000000,11.1948439,0.904448281664258,2.102687988435880,9.765,0.117,0.189,
232,2023hwg,0.044,251.9231583,9.6699222,251.9234296,9.6698182,0.981810110357984,0.8176277875944490,8.788,0.206,0.223,
233,2023hzy,0.030118,207.7770375,0.4641472,207.77535010000000,0.4622296,1.00185733985839,1.3864983300796100,10.068,0.193,0.323,
234,2023iek,0.064024,188.1070917,9.7392083,188.1080328,9.7378878,1.04893302735181,1.533503739297300,10.695,0.273,0.22,
235,2023iks,0.04,263.8031328,6.7745842,263.80362140000000,6.7730572,1.15818751391627,0.8630235086624520,9.663,0.147,0.24,
236,2023inb,0.015164,239.1451417,-31.3682889,239.142621,-31.3591875,,,,,,Image quality issue
237,2023iol,0.07202,150.7825667,-4.3335583,150.7809299,-4.334890500000000,0.881684420326835,1.6049644169372700,11.02,0.158,0.156,
238,2023ito,0.055812,192.4299375,13.5146611,192.42986300000000,13.514948,0.808937304523738,0.940221115188139,9.499,0.207,0.179,
239,2023ivv,0.06924,234.1727333,4.4754056,234.17298800000000,4.475333,1.02195782190816,0.4716866579801550,10.269,0.231,0.275,
240,2023iwu,0.075953,154.610375,-6.8445222,154.61027100000000,-6.8465599,0.339259122830043,2.403415951349150,9.994,0.126,0.066,
241,2023jgq,0.044665,222.9050875,18.9261361,222.90385790000000,18.924421300000000,1.35587249090209,2.277443401586080,10.384,0.315,0.216,
242,2023jsb,0.03,327.4934875,14.15685,,,,,,,,
243,2023jvj,0.019,208.2602208,16.8197361,208.26009900000000,16.8194269,0.465934009483121,0.6926027022026330,8.122,0.537,0.243,
244,2023jvm,0.068,165.4021542,8.5266722,165.40243175583300,8.525564750277780,0.893611827983634,0.7976091835114350,9.933,0.243,0.173,
245,2023jwj,0.072143,170.7268458,1.1177806,170.72636700000000,1.1144230000000000,1.792245681886930,1.8650940333605000,11.492,0.421,0.092,
246,2023jwr,0.046364,229.27755,11.364025,229.27770550000000,11.363003900000000,0.829689239677833,1.3201022313250800,9.682,0.185,0.23,
247,2023kbe,0.027158,243.1643458,3.0211972,243.16556800000000,3.0228860000000000,1.36604329197144,1.9500214086841800,9.971,0.151,0.306,
248,2023kbu,0.043632,221.6614917,19.2805417,221.6628272,19.284039900000000,1.2988407192080700,1.9174941962612600,11.008,0.293,0.245,
249,2023kin,0.035014,297.273825,-58.9823778,297.2703936000000,-58.981627700000000,,,,,,N/A
250,2023kml,0.059157,248.8713208,5.9625528,248.87229310000000,5.9621716000000000,1.32792803948939,0.8277135207257110,10.67,0.098,0.316,
251,2023lhq,0.03426,252.0402792,18.0223639,252.04159840000000,18.0205008,0.93779753518136,1.4925748309298900,10.202,0.251,0.12,
252,2023lnh,0.01245,8.5093167,-9.7039444,8.511621500000000,-9.705235,0.754874484301709,0.46396546301937400,10.753,0.085,0.149,
253,2023lxj,0.068052,348.1163417,14.0869,348.11624630000000,14.086583000000000,0.436319715784151,0.4748091659755230,9.753,0.143,0.263,
254,2023mbs,0.056128,2.820957,12.9682763,2.8210413000000000,12.9685051,0.845855598706962,0.3848123047476290,10.164,0.211,0.171,
255,2023mbz,0.031623,225.1312875,11.5302944,225.13290980000000,11.531636200000000,0.773090157856927,1.7250933391244000,10.087,0.188,0.163,
256,2023mde,0.026,257.8551417,13.5691694,257.8559704,13.5679106,0.981810110357984,1.2032528599397600,9.488,0.108,0.161,
257,2023mgq,0.056625,218.04245,11.3448694,218.04156820000000,11.3447859,0.511630298097671,1.2861608535829800,9.391,0.207,0.115,
258,2023mha,0.037489,33.8381875,-24.6036,33.836574200000000,-24.6001781,0.683474382388113,2.4193928618384500,10.659,0.094,0.155,
259,2023mkg,0.05,30.4297,-21.7731694,30.428597100000000,-21.7744005,0.169004626229636,1.7811491460913100,9.899,0.065,0.066,
260,2023mkt,0.007402,229.56145,-24.0868194,229.55649930000000,-24.0978498,1.0604692884739700,2.273151396959120,10.454,0.023,0.441,
261,2023mmb,0.040992,48.0799667,-24.6143306,48.0762174,-24.6204253,0.981826475214248,3.4140843961053800,11.03,0.044,0.362,
262,2023mnw,0.06,239.4434458,-13.96195,,,,,,,,
263,2023mvl,0.047913,295.4185875,-21.2626806,295.41797050000000,-21.2640056,0.6565325783239190,0.7420636008509650,10.735,0.097,0.17,
264,2023mzb,0.035038,300.3587,-25.2059361,300.36013440000000,-25.2066117,1.29547299301152,1.6828840872258700,10.164,0.059,0.381,
265,2023ndf,0.016845,22.8122542,-17.7038333,22.816159800000000,-17.6991258,0.0233054,,9.296,0.064,0.071,
266,2023ngb,0.070965,6.4237,-1.0503056,6.423976,-1.04986,0.980546594139,1.320406946028810,10.614,0.208,0.308,
267,2023nkq,0.078719,306.2197125,-4.4533528,306.21713180000000,-4.454083,1.53255684288753,2.591125474962250,10.692,0.137,0.227,
268,2023nlk,0.03,260.2220667,22.2097806,260.22283940000000,22.2086735,1.06232334554987,1.1175105251081400,8.854,0.03,0.047,
269,2023nls,0.059191,332.8152083,-23.0363556,332.81496920000000,-23.0369679,1.12702766643196,0.5561287525150620,10.881,0.236,0.169,
270,2023nnz,0.013729,36.3660125,20.3946389,36.366180100000000,20.395380800000000,1.13416296673307,0.6381786390102860,10.004,0.157,0.373,
271,2023nqd,0.0772681,310.5390901,0.7750012,310.54239580000000,0.7765014,0.7396977058457280,,10.608,0.13,0.352,
272,2023nup,0.047,310.2537708,-22.5805083,310.25365890000000,-22.5800782,-0.0315204971181515,,8.078,0.426,0.289,
273,2023nuv,0.057413,340.2461165,-0.8323254,340.2427255,-0.8317676000000000,1.30610388029974,2.756146201454750,10.732,0.179,0.334,
274,2023nzu,0.044301,27.8421458,23.282975,27.8397598,23.282834300000000,1.04893302735181,2.0760514213180800,10.335,0.272,0.094,
275,2023ocj,0.055526,221.7108,-13.5021889,,,,,,,,
276,2023oho,0.012232,37.5194583,-10.4512,37.529007,-10.456777600000000,1.1469615403224400,4.798905365073060,9.284,0.01,0.083,
277,2023okd,0.05671,6.3328917,9.0990611,6.3318295000000000,9.0982002,1.2298371990281800,9.230856614967820,10.844,0.161,0.357,
278,2023ols,0.041392,301.7864708,-0.9956278,301.7845689604170,-0.9942612363888890,0.759784220116501,2.0568683401807000,10.122,0.158,0.137,
279,2023olz,0.033389,54.7925125,15.5704528,54.79162680000000,15.5698095,0.543053260054847,0.8283326563014300,10.225,0.126,0.218,
280,2023ono,0.028897,43.6076417,-22.5026833,43.60788460000000,-22.5033881,0.958428424919731,0.37018233482473100,10.374,0.14,0.242,
281,2023ons,0.062898,331.2800917,-45.4146361,331.28176780000000,-45.4155195,1.28103,,10.971,0.134,0.243,
282,2023opn,0.05,311.3806375,13.0090333,311.38056430000000,13.0093058,0.91605346239723,0.9811224985179310,9.414,0.137,0.164,
283,2023pbe,0.020217,327.6665917,13.2853667,327.66006640000000,13.2882217,1.5259223457340600,2.5915869033639700,10.726,0.148,0.34,
284,2023pru,0.043415,9.8497625,-17.912475,9.848733,-17.9120808,1.52139398726331,0.7618698846237830,11.027,0.313,0.112,
285,2023ptg,0.029864,39.1418625,-5.011625,39.141728,-5.011441,1.11329276855822,0.23874037446646900,10.287,0.188,0.325,
286,2023pwl,0.016557,327.0253125,-50.5636083,327.02236640000000,-50.564994400000000,1.13228,,10.6,0.002,0.265,
287,2023Q,0.022325,29.2704042,-0.4669889,29.271900000000000,-0.468318,0.790862153317704,0.8235827824811450,10.295,0.17,0.343,
288,2023qfq,0.040488,308.2658083,-27.2102917,308.266949,-27.209572000000000,1.1469615403224400,1.5452095389988500,10.039,0.03,0.333,
289,2023qov,0.009373,318.0084833,-49.2550194,317.96678910000000,-49.283662300000000,1.91764,,9.669,0.012,0.004,
290,2023rah,0.033278,240.4961458,12.5601944,240.49667740000000,12.5623979,0.936340992007899,2.0658466819859900,10.0,0.179,0.329,
291,2023reh,0.050244,313.889275,16.6945333,313.89104690000000,16.6945189,0.977316627561862,2.3387370766472500,10.114,0.134,0.173,
292,2023rzh,0.049634,18.46755,13.2691167,18.462671,13.271750500000000,0.790862153317704,3.3994879612378000,10.935,0.126,0.172,
293,2023sei,0.069401,343.0061542,-3.487925,343.00616040000000,-3.4880272,1.22983719902818,0.17172641931465000,10.662,0.186,0.358,
294,2023snj,0.051502,22.0592583,-56.4934444,22.0559062,-56.4948851,0.940433,,10.139,0.085,0.154,
295,2023snn,0.04401,332.01515,-16.5411139,332.01497010000000,-16.541400000000000,1.76836284834194,0.1628832671788370,11.395,0.363,0.097,
296,2023sqs,0.1,29.5800708,14.5601889,29.5799426,14.561071400000000,0.727523979117365,1.8147156559259800,9.721,0.526,0.151,
297,2023suh,0.07,54.7853218,-9.5451236,54.78535278208330,-9.545909059722220,0.623102573803294,,8.767,0.216,0.119,
298,2023teu,0.04313,67.2368667,-1.8513944,67.2391991,-1.8618443,1.0875988187534800,,11.059,0.075,0.337,
299,2023tfc,0.052372,9.011975,-42.9973361,9.011312500000000,-42.997615,0.00881004,,9.545,0.115,0.056,
300,2023tfg,0.073993,333.5443833,-52.7226333,333.542306,-52.724548,1.12186,,10.657,0.054,0.304,
301,2023tfj,0.057772,73.6813083,-46.1464667,73.6806232,-46.1469565,1.06097,,10.325,0.112,0.156,
302,2023tml,0.052756,356.3176083,-26.0537056,356.31798300000000,-26.053581,1.06046928847397,0.36466648896708700,10.58,0.048,0.36,
303,2023tnb,0.062563,18.2154125,-23.8214528,18.217268672500000,-23.81991622361110,0.465934009483121,1.423474482529540,10.726,0.033,0.091,
304,2023tyl,0.069293,26.3400833,19.5115944,26.3400763,19.511279,0.590915765113181,0.508771166899042,10.581,0.134,0.283,
305,2023uda,0.01489,306.6778667,10.6949667,306.67780410000000,10.6945615,1.45153684145309,0.19743526233174400,10.09,0.138,0.247,
306,2023vcr,0.062521,68.1443542,-32.5223194,68.1472972,-32.5204941,1.6706,,10.87,0.284,0.068,
307,2023vpo,0.057,7.2041292,13.086275,7.2042147,13.0860786,0.734328655100498,0.3451821805962170,9.976,0.162,0.196,
308,2023wl,0.0458,168.949475,0.8524806,168.95282130000000,0.8596756,0.9741570136579300,,11.023,0.222,0.261,
309,2023wtp,0.063645,74.2557417,0.0739528,74.2556386,0.0735965,0.543400964625818,0.6253882660487250,10.138,0.132,0.281,
310,2023ytn,0.031362,131.179725,-5.4711444,131.18237680000000,-5.4746092,0.984544698216254,1.5851854530147600,10.622,0.054,0.308,
311,2023yv,0.018133,185.19385,-6.9687694,185.1980059,-6.971762,0.904448281664258,1.5562298805136200,10.153,0.085,0.352,
312,2023yzu,0.044414,80.9978458,-20.0925417,81.0021023,-20.0813542,0.93262,,10.705,0.103,0.149,
313,2023yzw,0.046193,19.5677726,-1.0040503,19.56822110208330,-1.0043265127777800,1.52565,,9.807,0.144,0.235,
314,2023zax,0.051,146.3954875,7.1723194,146.39637700000000,7.1719426,,,,,,
315,2023zbo,0.018339,25.6052172,-16.2985469,25.605972400000000,-16.3004104,1.06046928847397,1.4418183201283000,10.238,0.023,0.311,
316,2023zce,0.031248,141.5875125,-31.226225,141.586447,-31.2314193,,,,,,only g
317,2023ze,0.050494,174.4468042,-10.8905889,174.44586400000000,-10.8914651,0.981810110357984,1.002039607884580,10.065,0.109,0.161,
318,2023zjm,0.036529,80.6251833,5.5708861,80.62469320000000,5.5711833000000000,1.0968952267319900,0.39656932288567000,10.799,0.124,0.285,
319,2023zzi,0.033123,43.6966,15.5900917,43.6965235,15.5894571,1.14696154032244,0.2994187423109910,10.659,0.03,0.41,
320,2024aalj,0.041,13.5092292,9.2753889,13.509371800000000,9.275231900000000,0.8236765619064950,,9.336,0.186,0.318,
321,2024aatk,0.06729,128.4411792,-19.3499472,128.44056130000000,-19.350028400000000,0.827317647728421,,10.712,0.125,0.13,
322,2024aatr,0.03,152.6216667,3.7667333,,,,,,,,
323,2024aaur,0.020171,148.6146708,-6.953025,148.61261,-6.9532997000000000,0.9377975351813600,,10.875,0.17,0.166,
324,2024abnh,0.013653,356.1991042,12.8542611,356.1996732,12.8552457,-0.1923181339440130,,8.567,0.167,0.221,
325,2024abnm,0.042701,9.9935417,5.3394583,9.9925068,5.3395039000000000,0.5430532600548470,,9.986,0.057,0.152,
326,2024abrm,0.086,32.182525,6.5059917,,,,,,,,
327,2024abti,0.0406,99.0484292,-47.1710972,99.04677750000000,-47.1698825,,,,,,N/A
328,2024abtt,0.029887,46.476379,-12.274553,46.475945000000000,-12.274288,0.688843,,9.299,0.088,0.062,
329,2024acac,0.066998,84.129583,-42.308264,84.12922240000000,-42.3106179,0.881778,,9.362,0.097,0.175,
330,2024acde,0.055348,29.012171,-2.443125,29.013588000000000,-2.4419712000000000,0.790862,,9.783,0.177,0.125,
331,2024acrh,0.075185,170.1307917,-13.5505,170.1315348,-13.5513323,1.2860477260820900,,10.85,0.314,0.229,
332,2024actb,0.06,100.0372208,-22.3129278,100.03778296666700,-22.31310115666670,0.4363197157841510,,7.976,0.855,0.436,
333,2024adyi,0.038914,166.8627208,-4.5985639,166.859956,-4.5985441,1.000072855064830,,10.751,0.129,0.278,
334,2024adzq,0.056615,18.877783,-32.687531,18.878648100000000,-32.685971100000000,1.11849,,9.722,0.022,0.139,
335,2024adzv,0.05967,37.574071,-29.383278,37.57293610000000,-29.3846774,1.47427,,10.865,0.260,0.171,
336,2024aedt,0.018413,27.8924917,8.2513444,27.904296700000000,8.2565946,1.7057828944754300,,11.093,0.352,0.132,
337,2024aegm,0.024617,106.5599625,23.5861833,106.55953710000000,23.5852096,0.9673506407090860,,10.682,0.116,0.322,
338,2024aeis,0.01932,120.5445125,-22.9425972,120.54518020000000,-22.9421011,0.6934287935555970,,10.361,0.051,0.188,
339,2024aejs,0.064399,165.6297833,-16.8394028,165.6313229,-16.8422132,1.248382824022540,,10.781,0.298,0.217,
340,2024aemk,0.057661,87.26015,-20.059744,87.2582406,-20.0594971,1.310163684382430,,9.648,0.104,0.245,
341,2024aemo,0.057946,64.415492,-30.059953,64.41514381458330,-30.060252518055600,1.1596,,10.314,0.079,0.307,
342,2024aeou,0.049117,359.2058792,-34.7117389,359.20734590000000,-34.7135395,,,,,,N/A
343,2024aevp,0.017,179.3751833,-14.6386722,179.37461170000000,-14.6387126,0.5239398846031800,,8.706,0.145,0.051,
344,2024aewf,0.06,177.1220542,3.666125,,,,,,,,
345,2024aeyv,0.061108,116.9789667,-48.1512028,,,,,,,,
346,2024agf,0.041817,31.8385542,1.9284528,31.839955100000000,1.9296828,1.58112924639471,1.363333929374590,10.682,0.317,0.173,
347,2024agky,0.038914,140.4538708,-33.3192,,,,,,,,
348,2024agld,0.02,18.4635833,-31.7917722,,,,,,,,
349,2024ahf,0.030869,166.9542625,2.3575361,166.9547205,2.3566722,0.792315110739793,0.6435166561036290,10.452,0.14,0.316,
350,2024any,0.0082,47.2409792,-2.9460889,47.23652070000000,-2.9550483,1.1469615403224400,3.421671924346940,9.843,0.029,0.247,
351,2024apt,0.018503,156.4036292,-2.2109056,156.39763330000000,-2.2152238,1.16937966630793,2.1402570289981500,10.534,0.225,0.199,
352,2024axd,0.047,75.0508625,-11.3478667,75.05068505291670,-11.348172661111100,0.9818101103579840,,7.917,0.688,0.376,
353,2024bha,0.077702,82.8916042,-39.0514694,82.89403950000000,-39.0495692,1.68061,,11.073,0.295,0.119,
354,2024bhi,0.071093,120.43015,-13.4450778,120.4305873,-13.4435647,1.79409692645029,2.314651978827160,10.863,0.383,0.057,
355,2024bks,0.019807,196.8401333,-27.3753389,196.87107520000000,-27.3890702,1.2698343010606800,,10.719,0.062,0.399,
356,2024bqu,0.078189,163.9959125,11.9154389,163.9966002,11.9175379,1.52139398726331,2.5330424565246300,11.038,0.36,0.15,
357,2024cvb,0.043553,153.2001625,-2.6893972,153.20207850000000,-2.6883053,1.20868661718225,1.5047729910523300,11.199,0.278,0.211,
358,2024ev,0.058218,125.2487958,22.0559278,125.24973700000000,22.056772000000000,1.35587249090209,1.7377738263347300,10.591,0.32,0.144,
359,2024fbo,0.011501,196.5555,-30.1612361,196.5545771,-30.1604955,1.248382824022540,0.3614009928978600,9.962,0.244,0.153,
360,2024fcd,0.04,177.7918667,0.2469333,177.79207434375000,0.24711060277777800,1.2365022082894500,,8.035,0.126,0.385,
361,2024fwj,0.051567,183.4151458,14.2442639,183.41480400000000,14.244111000000000,0.936340992007899,0.6505175548216350,10.366,0.204,0.304,
362,2024gbt,0.02,189.4983292,-27.4345417,189.49794659291700,-27.434497108333300,-0.3815575638300570,,6.402,0.823,1.366,
363,2024gda,0.054253,161.7189792,11.8363806,161.7177927,11.8390464,1.7413751160035100,0.3253010914594680,11.143,0.273,0.1,
364,2024gpq,0.03,257.5504625,9.2523556,257.54991990000000,9.2527834,0.797197075858009,2.0717571388163100,9.091,0.307,0.18,
365,2024gra,0.019133,178.9173167,-12.0226944,178.91739200000000,-12.0273421,1.2294094299306800,1.632488740139800,10.629,0.061,0.381,
366,2024gy,0.001183,183.9637917,13.1155833,183.97655370000000,13.1494669,1.2298371990281800,,9.646,0.131,0.287,
367,2024hl,0.035384,88.6844583,-35.3204111,88.68612310000000,-35.322996800000000,1.2365022082894500,,10.651,0.046,0.335,
368,2024inv,0.004528,166.6340083,11.3784917,166.63380660000000,11.3854703,1.39213421398865,2.1291310500180900,9.615,0.133,0.319,
369,2024jz,0.00933,233.270175,-1.6251778,233.273347,-1.6282860000000000,0.845855598706962,1.195867523775220,9.684,0.222,0.088,
370,2024mze,0.037613,339.9401375,-66.7337583,339.94191880000000,-66.7333872,,,,,,N/A
371,2024nbo,0.035194,338.4265167,-9.5207778,338.42787950000000,-9.5205321,0.372921354781511,0.9953104995555480,9.665,0.19,0.23,
372,2024nug,0.038877,297.9666917,-30.5791139,297.9584695,-30.5789808,,,,,,
373,2024pfr,0.03,297.6260542,8.3384167,297.62576050000000,8.3385757,1.84304123196674,0.5410405449109980,10.049,0.41,0.054,
374,2024pi,0.047622,118.1775542,14.8392806,118.1778255,14.840725,0.940432846995975,0.724601320378885,10.614,0.107,0.229,
375,2024soh,0.027095,334.0869542,-31.7782528,334.0867057,-31.7772115,,,,,,only g
376,2024tdb,0.03479,82.726525,8.975725,82.7278765,8.9727418,0.9818264752142480,,9.924,0.046,0.22,
377,2024tvz,0.062803,70.4125083,-3.0698583,70.41255,-3.0703592000000000,1.6900595380133000,,11.016,0.352,0.083,
378,2024txv,0.05,5.4458875,-24.352475,5.445805100000000,-24.3521967,1.234293643252540,,10.149,0.124,0.174,
379,2024tyg,0.05362,309.3275458,-8.0419944,309.32739500000000,-8.042586,1.200066255769530,,10.47,0.118,0.262,
380,2024tyz,0.0706,329.2900292,-30.8037056,329.2899647,-30.8034493,,,,,,Image quality issue
381,2024ufz,0.014283,230.8541458,-37.376725,230.85329730000000,-37.3772128,,,,,,N/A
382,2024ula,0.036332,351.5325625,-38.1069583,351.53440100000000,-38.107037,,,,,,N/A
383,2024uns,0.021356,38.7014167,-7.6836111,38.70179720000000,-7.6836289,0.734329,,10.369,0.199,0.140,
384,2024uoc,0.057,8.5631875,-12.2673528,8.5630394,-12.268062,0.4363197157841510,,8.745,0.286,0.11,
385,2024uqg,0.0267,43.8312292,8.8272806,43.8341036,8.828248200000000,0.8683740265151270,,10.838,0.087,0.273,
386,2024vjo,0.032751,27.4584333,-36.3430028,27.458375000000000,-36.343222222222200,0.829689,,9.790,0.065,0.101,
387,2024vke,0.030192,49.3480144,-15.1765433,49.34779830416670,-15.176335542500000,0.8527134326419340,,7.813,0.34,0.081,
388,2024vny,0.033163,323.2582542,-22.6948639,323.2621246,-22.6978287,1.1908855336465800,,9.97,0.083,0.09,
389,2024vsf,0.073651,72.0689667,-20.5943611,72.0687756,-20.5942963,1.36604,,10.613,0.124,0.298,
390,2024vuy,0.061019,335.6779458,-3.0624972,335.6778753,-3.0627318,0.827317647728421,,10.411,0.199,0.213,
391,2024vvz,0.051419,298.0091458,-18.1430722,298.00920550000000,-18.143787,0.9404328469959750,,10.522,0.107,0.186,
392,2024vyd,0.03988,8.5953458,10.3519778,8.5839629,10.357259000000000,0.9363409920078990,,10.733,0.179,0.31,
393,2024vyi,0.072321,2.2990084,-0.6141235,2.2982507000000000,-0.61520127,0.974157,,10.882,0.197,0.210,
394,2024vyo,0.078,340.5935667,-13.4503333,340.59350750000000,-13.4496102,0.8640584396067650,,9.671,0.155,0.083,
395,2024wak,0.02,75.4979167,-13.9724972,75.49878130000000,-13.9707324,0.2569552086971070,,8.793,0.058,0.093,
396,2024wrn,0.067,19.9119792,7.1281944,19.911539300000000,7.1279486,0.754874484301709,,10.257,0.171,0.344,
397,2024wuj,0.074311,39.5849368,4.7231768,39.5850332,4.7228997,0.7343286551004980,,9.819,0.137,0.109,
398,2024wye,0.03203,346.3219375,-9.3606472,346.32228170000000,-9.3609349,0.6888425910802600,,10.08,0.186,0.185,
399,2024xal,0.005041,56.005646,-14.362331,56.004631600000000,-14.358821000000000,0.916053,,9.557,0.111,0.209,
400,2024xub,0.04021,95.20032,-39.69797,95.20042620000000,-39.696525600000000,,,,,,Image quality issue
401,2024xyn,0.020637,39.849871,2.652189,39.848199700000000,2.6514524000000000,1.13862,,9.515,0.179,0.352,
402,2024yid,0.060229,41.82074,-69.2039,41.82768540000000,-69.20386620000000,,,,,,N/A
403,2024ykr,0.03621,17.635354,-5.705381,17.637904200000000,-5.7082219,1.04893,,10.283,0.247,0.122,
404,2024yrj,0.03,4.6346708,7.0767972,4.6307014000000000,7.0765688000000000,0.5430532600548470,,9.858,0.125,0.249,
405,2024zsj,0.045368,52.182146,-19.952292,52.182716900000000,-19.9520254,0.893612,,10.747,0.148,0.292,